_id,id,asset_id,location,alternative_name,type,accessible,hours,location_details,url,address,PostedDate,AssetName,Reason,Comments,Status,geometry
1,790,5445,Maryvale Park Outdoor Pool,Maryvale Park Outdoor Pool Washroom,Washroom Building,,9 a.m. to 10 p.m.,Entrance is located on the outside of the outdoor pool building on the east side of the building.,https://www.toronto.ca/explore-enjoy/parks-recreation/places-spaces/parks-and-recreation-facilities/location/?id=790,5 Trestleside Grove  ,2025-05-09T12:38:44,Maryvale Park Outdoor Pool  Washroom,Maintenance/Repairs,"Men's Toilet Stall Closed - Maintenance / Repair
",2,"{""coordinates"": [[-79.30654676, 43.75309076]], ""type"": ""MultiPoint""}"
2,263,79231,Bellevue Square Park,Bellevue Square Park Washroom,Washroom Building,,9 a.m. to 10 p.m.,Located at the east end of the playground.,https://www.toronto.ca/explore-enjoy/parks-recreation/places-spaces/parks-and-recreation-facilities/location/?id=263,5 Bellevue Ave,2025-05-09T08:49:16,Bellevue Square Park Washroom,Maintenance/Repairs,West washroom has been closed for a repair. East washroom is open.,2,"{""coordinates"": [[-79.40211534000001, 43.65359563]], ""type"": ""MultiPoint""}"
3,78,29354,June Rowlands Park,June Rowlands Park Washroom,Washroom Building,Entrance at Grade,9 a.m. to 10 p.m.,Located along Davisville Avenue southwest of the sports field.,https://www.toronto.ca/explore-enjoy/parks-recreation/places-spaces/parks-and-recreation-facilities/location/?id=78,220 Davisville Ave  ,2025-05-07T06:41:01,June Rowlands Park Washroom,Maintenance/Repairs,Men's room sink leaking but both washrooms open.,2,"{""coordinates"": [[-79.38818857, 43.700286670000004]], ""type"": ""MultiPoint""}"
4,15,29527,Home Smith Park,Home Smith Park Washroom ,Washroom Building,"Accessible Stall, Entrance at Grade",9 a.m. to 10 p.m.,Located on the pathway next to Picnic Site #2.,https://www.toronto.ca/explore-enjoy/parks-recreation/places-spaces/parks-and-recreation-facilities/location/?id=15,4101 Dundas St  W ,2025-05-05T12:41:52,Home Smith Park Washroom ,Technical Issues,No electricity in building.,0,"{""coordinates"": [[-79.50130041, 43.65855864]], ""type"": ""MultiPoint""}"
5,295,29286,Bickford Park,Bickford Park Washroom,Washroom Building,"Accessible Stall, Entrance at Grade, Child Change Table",9 a.m. to 10 p.m.,Located at the south end of the park next to dog off-leash area and the baseball diamond.,https://www.toronto.ca/explore-enjoy/parks-recreation/places-spaces/parks-and-recreation-facilities/location/?id=295,400 Grace St  ,2025-05-04T20:25:41,Bickford Park Washroom,"Women's Washroom Closed, Men's Washroom Open",Womenâs closed for repairs.,2,"{""coordinates"": [[-79.41804098, 43.66036425]], ""type"": ""MultiPoint""}"
6,143,97106,David A. Balfour Park,David A. Balfour Park Washroom,Washroom Building,,9 a.m. to 10 p.m.,Located near the corner of Rosehill and Avoca Avenues.,https://www.toronto.ca/explore-enjoy/parks-recreation/places-spaces/parks-and-recreation-facilities/location/?id=143,75 Rosehill Ave  ,2025-05-04T18:37:23,David A. Balfour Park Washroom,Maintenance/Repairs,All three washrooms closed to address pressure issues. ,0,"{""coordinates"": [[-79.38759769, 43.68691519]], ""type"": ""MultiPoint""}"
7,1061,29384,E.T. Seton Park,E.T. Seton Park Washroom,Washroom Building,"Accessible Stall, Entrance at Grade",9 a.m. to 10 p.m.,Located on the pathway between the north parking lot and archery range.,https://www.toronto.ca/explore-enjoy/parks-recreation/places-spaces/parks-and-recreation-facilities/location/?id=1061,73 Thorncliffe Park Dr  ,2025-05-04T15:24:24,E.T. Seton Park Washroom,Maintenance/Repairs,Women's washroom 1 sink is under repair,2,"{""coordinates"": [[-79.33740437, 43.70942662]], ""type"": ""MultiPoint""}"
8,137,29277,Baird Park,Baird Park Washroom,Washroom Building,"Accessible Stall, Entrance Access Ramp",9 a.m. to 10 p.m.,Located north of the bowling greens.,https://www.toronto.ca/explore-enjoy/parks-recreation/places-spaces/parks-and-recreation-facilities/location/?id=137,275 Keele St  ,2025-05-04T14:46:34,Baird Park Washroom,Maintenance/Repairs,Men's washroom only. Women's is open.,2,"{""coordinates"": [[-79.46254137000001, 43.66223126]], ""type"": ""MultiPoint""}"
9,379,32743,McCleary Park,McCleary Park Washroom,Washroom Building,"Entrance at Grade, Entrance Access Ramp, Automatic Door Opener",9 a.m. to 10 p.m.,"Located between the baseball diamonds, next to Lake Shore Boulevard.",https://www.toronto.ca/explore-enjoy/parks-recreation/places-spaces/parks-and-recreation-facilities/location/?id=379,755 Lake Shore Blvd  E ,2025-05-02T16:50:19,McCleary Park Washroom,Technical Issues,"No power to facility , Toronto Hydro working on power issue to roadway and Park  ,

Portable Toilet on site ",0,"{""coordinates"": [[-79.34069398, 43.65338408]], ""type"": ""MultiPoint""}"
10,128,32902,Little Norway Park,Little Norway Park Washroom,Washroom Building,"Accessible Stall, Entrance at Grade",9 a.m. to 7:30 p.m.,Located north of the wading pool.,https://www.toronto.ca/explore-enjoy/parks-recreation/places-spaces/parks-and-recreation-facilities/location/?id=128,659 Queens Quay  W ,2025-05-02T16:44:36,Little Norway Park Washroom,Maintenance/Repairs,"Awaiting water hook and floor repair in men's washroom , 2 Portable Toilets on site ",0,"{""coordinates"": [[-79.39838792, 43.63404546]], ""type"": ""MultiPoint""}"
11,352,36264,Kidstown,Kidstown Waterpark  Washroom,Washroom Building,Accessible Stall,View facility hours,Located in Kidstown Waterpark.,https://www.toronto.ca/explore-enjoy/parks-recreation/places-spaces/parks-and-recreation-facilities/location/?id=352,100 Silver Springs Blvd  ,2025-05-02T15:10:20,Kidstown Waterpark  Washroom,Under Construction,Kidstown Waterpark complex is under a full renovation,0,"{""coordinates"": [[-79.30943469, 43.807023220000005]], ""type"": ""MultiPoint""}"
12,77,29509,High Park,High Park Upper Hillside Washroom,Washroom Building,Entrance at Grade,9 a.m. to 10 p.m.,Located on the pathway from the last West Road parking lot.,https://www.toronto.ca/explore-enjoy/parks-recreation/places-spaces/parks-and-recreation-facilities/location/?id=77,1873 Bloor St  W ,2025-05-02T14:06:03,High Park Upper Hillside Washroom,Maintenance/Repairs,Entire washroom building closed - upgrades required to the pumps.,2,"{""coordinates"": [[-79.466897, 43.645106059999996]], ""type"": ""MultiPoint""}"
13,77,29478,High Park,High Park Lower Hillside Washroom,Washroom Building,"Accessible Stall, Entrance at Grade",9 a.m. to 10 p.m.,Located on the pathway north of Maple Leaf Garden.,https://www.toronto.ca/explore-enjoy/parks-recreation/places-spaces/parks-and-recreation-facilities/location/?id=77,1873 Bloor St  W ,2025-05-02T14:04:56,High Park Lower Hillside Washroom,Maintenance/Repairs,Entire washroom building closed - upgrades required to the pumps.,2,"{""coordinates"": [[-79.46699991999999, 43.64366457]], ""type"": ""MultiPoint""}"
14,571,29740,Wexford Park,Wexford Park Fieldhouse Washroom ,Washroom Building,Entrance at Grade,9 a.m. to 10 p.m.,Located bewteen the parking lot and the playground,https://www.toronto.ca/explore-enjoy/parks-recreation/places-spaces/parks-and-recreation-facilities/location/?id=571,55 Elm Bank Rd  ,2025-05-02T12:38:19,Wexford Park Fieldhouse Washroom ,Maintenance/Repairs,Mechanical issues,0,"{""coordinates"": [[-79.29718319, 43.73367211]], ""type"": ""MultiPoint""}"
15,668,41662,Glamorgan Park,Glamorgan Park Washroom,Washroom Building,Entrance at Grade,9 a.m. to 10 p.m.,Located next to the splash pad.,https://www.toronto.ca/explore-enjoy/parks-recreation/places-spaces/parks-and-recreation-facilities/location/?id=668,50 Antrim Cres  ,2025-05-02T12:33:59,Glamorgan Park Washroom,Maintenance/Repairs,Mechanical issues,0,"{""coordinates"": [[-79.28808876, 43.77259489]], ""type"": ""MultiPoint""}"
16,406,75804,Guild Park and Gardens,Guild Park and Gardens East Washroom,Washroom Building,,9 a.m. to 10 p.m.,Located at the entrance next to the southeast parking lot in the lower level of the Banquet hall.,https://www.toronto.ca/explore-enjoy/parks-recreation/places-spaces/parks-and-recreation-facilities/location/?id=406,201 Guildwood Pkwy  ,2025-05-02T12:15:50,Guild Park and Gardens East Washroom,Maintenance/Repairs,Main washroom open - Accessible washroom closed for repair,2,"{""coordinates"": [[-79.19150754, 43.74779142]], ""type"": ""MultiPoint""}"
17,1470,29579,Morningside Park,Morningside Park Central Picnic Site Washroom,Washroom Building,,9 a.m. to 10 p.m.,Located in the grassy area near the forested area west of Picnic Site #1.,https://www.toronto.ca/explore-enjoy/parks-recreation/places-spaces/parks-and-recreation-facilities/location/?id=1470,390 Morningside Ave  ,2025-05-02T12:11:44,Morningside Park Central Picnic Site Washroom,Maintenance/Repairs,Mechanical issues,0,"{""coordinates"": [[-79.19720228, 43.77781526]], ""type"": ""MultiPoint""}"
18,1094,29598,Port Union Village Common Park,Port Union Village Common Park Washroom,Washroom Building,"Accessible Stall, Entrance at Grade, Automatic Door Opener",9 a.m. to 10 p.m.,Located on the pathway between parking lot and the playground.,https://www.toronto.ca/explore-enjoy/parks-recreation/places-spaces/parks-and-recreation-facilities/location/?id=1094,105 Bridgend St  ,2025-05-02T11:58:53,Port Union Village Common Park Washroom,Maintenance/Repairs,Mechanical issues,0,"{""coordinates"": [[-79.13477359999999, 43.77672534]], ""type"": ""MultiPoint""}"
19,202,29276,Ashtonbee Reservoir Park,Ashtonbee Reservoir Park Washroom,Washroom Building,Entrance at Grade,9 a.m. to 10 p.m.,"Located next to Ashtonbee Road, between the sports fields and cricket pitch.",https://www.toronto.ca/explore-enjoy/parks-recreation/places-spaces/parks-and-recreation-facilities/location/?id=202,21 Ashtonbee Rd  ,2025-05-02T11:48:45,Ashtonbee Reservoir Park Washroom,Maintenance/Repairs,Mechanical issues ,0,"{""coordinates"": [[-79.29453191, 43.729640759999995]], ""type"": ""MultiPoint""}"
20,337,29385,Earl Bales Park,Earl Bales Park South Washroom,Washroom Building,"Accessible Stall, Entrance at Grade, Entrance Access Ramp",9 a.m. to 10 p.m.,Located south of the base of the ski hill at the end of a pathway.,https://www.toronto.ca/explore-enjoy/parks-recreation/places-spaces/parks-and-recreation-facilities/location/?id=337,4169 Bathurst St  ,2025-05-02T10:42:52,Earl Bales Park South Washroom,Under Construction,None,0,"{""coordinates"": [[-79.42796994, 43.75215251]], ""type"": ""MultiPoint""}"
21,245,37106,Oriole Park - Toronto,Oriole Park Toronto Washroom ,Washroom Building,"Accessible Stall, Entrance at Grade, Entrance Access Ramp, Automatic Door Opener",9 a.m. to 10 p.m.,Located on the north side of the tennis courts near the playground.,https://www.toronto.ca/explore-enjoy/parks-recreation/places-spaces/parks-and-recreation-facilities/location/?id=245,201 Oriole Pkwy  ,2025-05-02T08:43:34,Oriole Park Toronto Washroom ,Technical Issues,"Water not on yet
",2,"{""coordinates"": [[-79.39947899, 43.69716654]], ""type"": ""MultiPoint""}"
22,29,29656,Taylor Creek Park,Taylor Creek Park Washroom,Washroom Building,"Accessible Stall, Entrance at Grade",9 a.m. to 10 p.m.,Located on the pathway east of the parking lot.,https://www.toronto.ca/explore-enjoy/parks-recreation/places-spaces/parks-and-recreation-facilities/location/?id=29,260 Dawes Rd  ,2025-05-02T08:37:49,Taylor Creek Park Washroom,Maintenance/Repairs,"Washroom has been vandalized, repair process initiated",0,"{""coordinates"": [[-79.29838937, 43.69664426]], ""type"": ""MultiPoint""}"
23,5,29359,Derrydowns Park,Derrydowns Park Washroom,Washroom Building,"Accessible Stall, Entrance at Grade",9 a.m. to 10 p.m.,Located on the pathway south of the parking lot.,https://www.toronto.ca/explore-enjoy/parks-recreation/places-spaces/parks-and-recreation-facilities/location/?id=5,271 Derrydown Rd  ,2025-05-01T17:40:46,Derrydowns Park Washroom,None,Closed due to ongoing construction project in Park. ,2,"{""coordinates"": [[-79.50546279999999, 43.75813643]], ""type"": ""MultiPoint""}"
24,306,29753,Withrow Park,Withrow Park South Washroom,Washroom Building,,9 a.m. to 10 p.m.,Located south of the sports field. ,https://www.toronto.ca/explore-enjoy/parks-recreation/places-spaces/parks-and-recreation-facilities/location/?id=306,725 Logan Ave  ,2025-05-01T13:50:39,Withrow Park South Washroom,Maintenance/Repairs,None,0,"{""coordinates"": [[-79.34561550000001, 43.67289284]], ""type"": ""MultiPoint""}"
25,557,29298,Blantyre Park,Blantyre Park Fieldhouse Washroom,Washroom Building,Entrance at Grade,9 a.m. to 10 p.m.,"Located next to the parking lot, west of the baseball diamond.",https://www.toronto.ca/explore-enjoy/parks-recreation/places-spaces/parks-and-recreation-facilities/location/?id=557,180 Fallingbrook Rd  ,2025-05-01T11:01:49,Blantyre Park Fieldhouse Washroom,"Men's Washroom Closed, Women's Washroom Open",Upgrades taking place in men's washroom- reopen  mid May,2,"{""coordinates"": [[-79.2811334, 43.682279040000004]], ""type"": ""MultiPoint""}"
26,123,29556,Leslie Grove Park,Leslie Grove Park Washroom,Washroom Building,,9 a.m. to 10 p.m.,Located in the fieldhouse.,https://www.toronto.ca/explore-enjoy/parks-recreation/places-spaces/parks-and-recreation-facilities/location/?id=123,1158 Queen St  E ,2025-03-27T11:55:38,Leslie Grove Park Washroom,"Women's Washroom Closed, Men's Washroom Open",Closed due to vandalism.,2,"{""coordinates"": [[-79.33365154, 43.662684569999996]], ""type"": ""MultiPoint""}"
27,490,29332,Elie Wiesel Park,Elie Wiesel Park Washroom ,Washroom Building,Entrance at Grade,9 a.m. to 10 p.m.,Located north of the baseball diamond and west of the tennis courts.,https://www.toronto.ca/explore-enjoy/parks-recreation/places-spaces/parks-and-recreation-facilities/location/?id=490,30 Palm Dr  ,2024-11-13T11:05:59,Elie Wiesel Park Washroom ,Maintenance/Repairs,Washroom closed due to water shutdown for construction in the park. ,2,"{""coordinates"": [[-79.43774264000001, 43.74605651]], ""type"": ""MultiPoint""}"
28,1449,79459,Don Valley Brick Works,Don Valley Brick Works Washroom ,Washroom Building,,9 a.m. to 10 p.m.,Located in the western building along the pathway into the park.,https://www.toronto.ca/explore-enjoy/parks-recreation/places-spaces/parks-and-recreation-facilities/location/?id=1449,550 Bayview Ave  ,2024-08-15T12:28:20,Don Valley Brick Works Washroom ,Maintenance/Repairs,None,0,"{""coordinates"": [[-79.36642253, 43.68437785]], ""type"": ""MultiPoint""}"
29,241,29716,Trinity Bellwoods Park,Trinity Bellwoods Park North Baseball Diamond Washroom ,Washroom Building,"Accessible Stall, Entrance at Grade, Child Change Table",9 a.m. to 10 p.m.,Located on the pathway north of the outdoor ice rink.,https://www.toronto.ca/explore-enjoy/parks-recreation/places-spaces/parks-and-recreation-facilities/location/?id=241,790 Queen St  W ,2024-08-11T22:43:26,Trinity Bellwoods Park North Baseball Diamond Washroom ,Maintenance/Repairs,Womenâs accessible cubicle temporarily unavailable.,2,"{""coordinates"": [[-79.41368713, 43.649534730000006]], ""type"": ""MultiPoint""}"
30,1053,28885,Campbell Avenue Park,Campbell Avenue Park Outdoor Rink Washroom,Washroom Building,,9 a.m. to 10 p.m.,Entrance is located on the outside of the outdoor ice rink building.,https://www.toronto.ca/explore-enjoy/parks-recreation/places-spaces/parks-and-recreation-facilities/location/?id=1053,225 Campbell Ave  ,2024-07-16T17:09:22,Campbell Avenue Playground Outdoor Rink Washroom,Technical Issues,No power,0,"{""coordinates"": [[-79.44851598999999, 43.66293404]], ""type"": ""MultiPoint""}"
31,287,2006,Trinity Community Recreation Centre,Trinity Community Recreation Centre Washroom,Washroom Building,,View centre hours,Located in the Community Centre.,https://www.toronto.ca/explore-enjoy/parks-recreation/places-spaces/parks-and-recreation-facilities/location/?id=287,155 Crawford St  ,2024-05-21T22:01:12,Trinity Community Recreation Centre Washroom,Maintenance/Repairs,Repairs required,2,"{""coordinates"": [[-79.41487796, 43.64625046]], ""type"": ""MultiPoint""}"
32,798,101975,Centennial Park - Etobicoke,Centennial Park Etobicoke Picnic Site 8 Washroom,Washroom Building,None,9 a.m. to 10 p.m.,Located next to Picnic Site #8.,https://www.toronto.ca/explore-enjoy/parks-recreation/places-spaces/parks-and-recreation-facilities/location/?id=798,256 Centennial Park Rd,2024-05-06T07:24:00,Centennial Park Etobicoke Picnic Site 8 Washroom,Planned Closure,Mechanical Issues,0,"{""coordinates"": [[-79.59209294, 43.64877852]], ""type"": ""MultiPoint""}"
